Model,RMSE,MAPE,R-squared,CV_RMSE,CV_MAPE,CV_R-squared
Prophet,7.613481562624537,26.52089474002915,0.059841077272395626,8.968642765087607,32.27381083072155,-0.2704972659457856
SARIMA,2.125577030350049,7.567447229737251,0.9267195094250984,2.541083466679563,9.270587297579073,0.8952381076527633
